-- ----------------------------
-- Records of permission_userprofile
-- ----------------------------
INSERT INTO permission_userprofile (id, password, last_login, is_superuser, first_name, last_name, is_staff, is_active, date_joined, description, modifier, dept_belong_id, update_datetime, create_datetime, username, secret, email, mobile, avatar, name, gender, remark, user_type, creator_id, dept_id) VALUES(1, 'pbkdf2_sha256$150000$OjTMSXJgkzrE$jEQCjWbIbXwpN4k2z0o8Yvou1UQGuoJALyL/kGDZFd4=', '2023-08-06 23:29:46.666053000', 1, '', '', 1, 1, '2021-02-27 06:20:09.188689000', NULL, NULL, '1', '2023-08-06 23:29:46.647953000', '2021-02-27 06:20:09.263192000', 'admin', '3704adf3-380f-4c27-a8da-60420e8cb4ab', 'admin@qq.com', NULL, NULL, '管理员', '0', '管理员', 2, 1, 1);
INSERT INTO permission_userprofile (id, password, last_login, is_superuser, first_name, last_name, is_staff, is_active, date_joined, description, modifier, dept_belong_id, update_datetime, create_datetime, username, secret, email, mobile, avatar, name, gender, remark, user_type, creator_id, dept_id) VALUES(2, 'pbkdf2_sha256$150000$bZbzTCC2BzvL$OrYxEDGggVWfTF3MZOfu1bRj94GIPXv90m/C2/4Mwss=', '2023-08-06 12:46:33.653725000', 0, '', '', 0, 1, '2021-03-03 15:38:27.009893000', NULL, NULL, '1', '2023-08-06 12:46:48.904567000', '2021-03-03 15:38:27.010771000', 'dvadmin', 'b4c5d79a-f01c-4244-92f8-b5288eca1d50', NULL, NULL, NULL, '普通用户', '0', NULL, 0, 1, 1);
INSERT INTO permission_userprofile (id, password, last_login, is_superuser, first_name, last_name, is_staff, is_active, date_joined, description, modifier, dept_belong_id, update_datetime, create_datetime, username, secret, email, mobile, avatar, name, gender, remark, user_type, creator_id, dept_id) VALUES(3, 'pbkdf2_sha256$150000$NySSvjQR0dRN$W6R4xTbvY+NP56VLRUZZn9QsEwvYmzduE6fh4UUUw6c=', '2023-08-06 12:48:49.891912000', 0, '', '', 0, 1, '2023-08-06 12:05:27.771032000', '', 'admin', '1', '2023-08-06 12:48:58.142185000', '2023-08-06 12:05:27.772019000', 'test001', 'e11aad63-bbec-4294-9ccf-c26e03d16a96', NULL, NULL, NULL, 'test001', NULL, NULL, 0, 1, 2);
INSERT INTO permission_userprofile (id, password, last_login, is_superuser, first_name, last_name, is_staff, is_active, date_joined, description, modifier, dept_belong_id, update_datetime, create_datetime, username, secret, email, mobile, avatar, name, gender, remark, user_type, creator_id, dept_id) VALUES(4, 'pbkdf2_sha256$150000$deoB2xte16Or$Q0RRFR+NDDOTzT+jC5ASva2b7jX2m0NOaIrwJ2TCAuk=', '2023-08-06 12:49:04.782516000', 0, '', '', 0, 1, '2023-08-06 12:05:52.878961000', '', 'admin', '1', '2023-08-06 12:49:14.358627000', '2023-08-06 12:05:52.878961000', 'test002', '33a7a29e-8d7b-4083-a70e-0c12aa84b4eb', NULL, NULL, NULL, 'test002', NULL, NULL, 0, 1, 3);
INSERT INTO permission_userprofile (id, password, last_login, is_superuser, first_name, last_name, is_staff, is_active, date_joined, description, modifier, dept_belong_id, update_datetime, create_datetime, username, secret, email, mobile, avatar, name, gender, remark, user_type, creator_id, dept_id) VALUES(5, 'pbkdf2_sha256$150000$jkuTaTKdK6vO$3mRsWFW2YOmFSHCjIjFSQcKG7a78QC5orkIbgWarj3k=', '2023-08-06 12:46:57.239943000', 0, '', '', 0, 1, '2023-08-06 12:33:18.280169000', '', 'admin', '1', '2023-08-06 12:48:39.616384000', '2023-08-06 12:33:18.281179000', 'test003', '691672db-088f-4ae6-8337-e4e66998ad6b', NULL, NULL, NULL, 'test003', NULL, NULL, 0, 1, 1);
INSERT INTO permission_userprofile (id, password, last_login, is_superuser, first_name, last_name, is_staff, is_active, date_joined, description, modifier, dept_belong_id, update_datetime, create_datetime, username, secret, email, mobile, avatar, name, gender, remark, user_type, creator_id, dept_id) VALUES(6, 'pbkdf2_sha256$150000$zR7Dq4kAF6oW$milgR7Xmkh4O01AZvLbghurRpda6VlwXJm5Oxb187GI=', '2023-08-06 12:49:21.780398000', 0, '', '', 0, 1, '2023-08-06 12:43:54.703352000', '', 'admin', '1', '2023-08-06 12:49:29.816127000', '2023-08-06 12:43:54.704352000', 'test004', 'e3a39926-8d6e-48f0-afed-6b43ad587d18', NULL, NULL, NULL, 'test004', NULL, NULL, 0, 1, 6);
INSERT INTO permission_userprofile (id, password, last_login, is_superuser, first_name, last_name, is_staff, is_active, date_joined, description, modifier, dept_belong_id, update_datetime, create_datetime, username, secret, email, mobile, avatar, name, gender, remark, user_type, creator_id, dept_id) VALUES(7, 'pbkdf2_sha256$150000$5rseXqE1wHV7$Iq+c/5Lt4qqNaaS4POm0k4nKGqJfwMwAyVyPJ1Nk4sM=', '2023-08-06 23:29:12.517968000', 0, '', '', 0, 1, '2023-08-06 12:44:21.452087000', '', 'admin', '1', '2023-08-06 23:29:34.909158000', '2023-08-06 12:44:21.453107000', 'test005', '390bf541-8af6-4b54-baaa-cb895c5d7071', NULL, NULL, NULL, 'test005', NULL, NULL, 0, 1, 11);
-- ----------------------------
-- Records of permission_userprofile_post
-- ----------------------------
INSERT INTO permission_userprofile_post (id, userprofile_id, post_id) VALUES(2, 2, 4);
INSERT INTO permission_userprofile_post (id, userprofile_id, post_id) VALUES(3, 3, 2);
INSERT INTO permission_userprofile_post (id, userprofile_id, post_id) VALUES(6, 4, 2);
INSERT INTO permission_userprofile_post (id, userprofile_id, post_id) VALUES(5, 5, 1);
INSERT INTO permission_userprofile_post (id, userprofile_id, post_id) VALUES(7, 6, 4);
INSERT INTO permission_userprofile_post (id, userprofile_id, post_id) VALUES(8, 7, 4);
-- ----------------------------
-- Records of permission_userprofile_role
-- ----------------------------
INSERT INTO permission_userprofile_role (id, userprofile_id, role_id) VALUES(1, 1, 1);
INSERT INTO permission_userprofile_role (id, userprofile_id, role_id) VALUES(2, 2, 2);
INSERT INTO permission_userprofile_role (id, userprofile_id, role_id) VALUES(7, 3, 3);
INSERT INTO permission_userprofile_role (id, userprofile_id, role_id) VALUES(6, 4, 4);
INSERT INTO permission_userprofile_role (id, userprofile_id, role_id) VALUES(5, 5, 5);
INSERT INTO permission_userprofile_role (id, userprofile_id, role_id) VALUES(8, 6, 6);
INSERT INTO permission_userprofile_role (id, userprofile_id, role_id) VALUES(9, 7, 7);
